No.,Disease,Phase,Disease_ID,Blinded_Output_ID,Scope_Class,Primary_WHO_Anchor,Anchor_Date,Source_Type,Official_URL,Evidence_Window_Start,Evidence_Cutoff,Scope_Coverage,Scope_Note,Human_Updated_DGQC,Strict_Expert_Confirmed_CD,Usable_Draft,Verification_Basis,Access_Date,Original_Tracking_Title,Original_Tracking_Date,Original_Total_Guidelines,Locked_Dataset_Disease_Label,Alias_Repair_Note,Audit_Interpretation
1,HIV,Stage 2,D03,D03-方案02,Broad,WHO guidelines on the management of advanced HIV disease,18 December 2025,WHO guideline,https://www.who.int/publications/i/item/9789240118164,18 December 2025,29 April 2026,Partial,Current anchor concerns advanced HIV disease rather than the entire HIV prevention-to-care continuum.,72.083333,no,yes,Official WHO publication page; verified 10 July 2026.,10 July 2026,WHO guidelines on the management of advanced HIV disease,18 December 2025,46,HIV,,Retrospective post hoc anchor audit; not evidence of the anchor or document supplied at generation time.
2,Abortion Care,Stage 2,D01,D01-方案03,Narrow/defined,"Abortion care guideline, 2nd ed",24 August 2025,WHO guideline,https://www.who.int/publications/i/item/9789240104204,24 August 2025,29 April 2026,Adequate,Replaces the methodology-focused youth-engagement evidence brief as the primary clinical anchor.,72.5,no,yes,Official WHO publication page; verified 10 July 2026.,10 July 2026,Meaningful youth engagement in a WHO guideline development process: case study of WHO abortion care guideline,11 December 2025,5,Abortion Care,,Retrospective post hoc anchor audit; not evidence of the anchor or document supplied at generation time.
3,Infertility,Stage 2,D04,D04-方案06,Narrow/defined,"Guideline for the prevention, diagnosis and treatment of infertility",28 November 2025,WHO guideline,https://www.who.int/publications/i/item/9789240115774,28 November 2025,29 April 2026,Adequate,"Disease-specific prevention, diagnosis and treatment anchor.",74.097222,no,yes,Official WHO publication page; verified 10 July 2026.,10 July 2026,"Guideline for the prevention, diagnosis and treatment of infertility",28 November 2025,2,Infertility,,Retrospective post hoc anchor audit; not evidence of the anchor or document supplied at generation time.
4,Mental Health Disorders,Stage 2,D08,D08-方案05,Broad,"Mental Health Gap Action Programme (mhGAP) guideline for mental, neurological and substance use disorders, 3rd ed",20 November 2023,WHO guideline,https://www.who.int/publications/i/item/9789240084278,20 November 2023,29 April 2026,Partial,Broad MNS guideline; mental-disorder coverage is substantial but not limited to one disease entity.,71.736111,no,yes,Official WHO publication page; verified 10 July 2026.,10 July 2026,"Mental Health Gap Action Programme (mhGAP) guideline for mental, neurological and substance use disorders",11 November 2025,9,Mental Health Disorders,,Retrospective post hoc anchor audit; not evidence of the anchor or document supplied at generation time.
5,Substance Use Disorders,Stage 2,D09,D09-方案08,Broad,"Mental Health Gap Action Programme (mhGAP) guideline for mental, neurological and substance use disorders, 3rd ed",20 November 2023,WHO guideline,https://www.who.int/publications/i/item/9789240084278,20 November 2023,29 April 2026,Partial,Contains substance-use recommendations within a broader MNS guideline.,66.805556,no,no,Official WHO publication page; verified 10 July 2026.,10 July 2026,"Mental Health Gap Action Programme (mhGAP) guideline for mental, neurological and substance use disorders",11 November 2025,8,Substance Use Disorders,,Retrospective post hoc anchor audit; not evidence of the anchor or document supplied at generation time.
6,Tuberculosis,Stage 2,D10,D10-方案07,Broad,"WHO consolidated guidelines on tuberculosis: module 6: tuberculosis and comorbidities, 2nd ed",7 October 2025,WHO modular guideline,https://www.who.int/publications/i/item/9789240111967,7 October 2025,29 April 2026,Partial,Latest modular anchor; tuberculosis management is distributed across multiple WHO modules.,72.5,no,yes,Official WHO publication page; verified 10 July 2026.,10 July 2026,"WHO consolidated guidelines on tuberculosis: module 6: tuberculosis and comorbidities, 2nd ed.",7 October 2025,43,Tuberculosis,,Retrospective post hoc anchor audit; not evidence of the anchor or document supplied at generation time.
7,Maternal Health,Stage 2,D06,D06-方案06,Broad,"Consolidated guidelines for the prevention, diagnosis and treatment of postpartum haemorrhage",5 October 2025,WHO guideline,https://www.who.int/publications/i/item/9789240115637,5 October 2025,29 April 2026,Partial,"High-quality current maternal-health anchor, but limited to postpartum haemorrhage rather than all maternal health.",64.65277766666668,no,no,Official WHO publication page and corrected evaluated output.,10 July 2026,"Consolidated guidelines for the prevention, diagnosis and treatment of postpartum haemorrhage",5 October 2025,9,Maternal Health,,Retrospective post hoc anchor audit; not evidence of the anchor or document supplied at generation time.
8,COVID-19,Stage 2,D02,D02-方案05,Broad,"Therapeutics and COVID-19: living guideline, August 2025",29 September 2025,WHO living guideline,https://www.who.int/publications/i/item/B09540,29 September 2025,29 April 2026,Partial,"Therapeutics-focused living guideline; diagnosis, prevention and rehabilitation require additional sources.",74.722222,no,yes,Official WHO publication page; verified 10 July 2026.,10 July 2026,"Therapeutics and COVID-19: living guideline, August 2025",29 September 2025,12,COVID-19,,Retrospective post hoc anchor audit; not evidence of the anchor or document supplied at generation time.
9,Meningitis,Stage 2,D07,D07-方案08,Narrow/defined,"WHO guidelines on meningitis diagnosis, treatment and care",10 April 2025,WHO guideline,https://www.who.int/publications/i/item/9789240108042,10 April 2025,29 April 2026,Adequate,Full guideline used instead of the later executive-summary listing.,74.027778,no,yes,Official WHO publication page; verified 10 July 2026.,10 July 2026,"WHO guidelines on meningitis diagnosis, treatment and care: executive summary",28 August 2025,2,Meningitis,,Retrospective post hoc anchor audit; not evidence of the anchor or document supplied at generation time.
10,Malaria,Stage 2,D05,D05-方案04,Narrow/defined,WHO guidelines for malaria,13 August 2025,WHO living/consolidated guideline,https://www.who.int/teams/global-malaria-programme/guidelines-for-malaria,13 August 2025,29 April 2026,Adequate,Consolidated living malaria guidance page.,74.722222,no,yes,Official WHO Global Malaria Programme page and tracking sheet.,10 July 2026,WHO guidelines for malaria,13 August 2025,2,Malaria,,Retrospective post hoc anchor audit; not evidence of the anchor or document supplied at generation time.
11,STI,Stage 1,R1D37,G45_Sexually Transmitted Infections (STI).pdf,Broad,WHO consolidated operational handbook on sexually transmitted infections,11 February 2026,WHO guideline/operational handbook,https://www.who.int/publications/i/item/9789240120365,11 February 2026,29 April 2026,Partial,Broad operational STI anchor; disease-specific treatment recommendations remain distributed across pathogen-specific guidance.,77.435417,no,yes,Official WHO publication page; verified 10 July 2026.,10 July 2026,Guidelines on lenacapavir for HIV prevention and testing strategies for long-acting injectable pre-exposure prophylaxis,14 July 2025,64,Sexually Transmitted Infections (STI),Existing complete mapping linked to locked dataset label 'Sexually Transmitted Infections (STI)' (abbreviated display label).,Retrospective post hoc anchor audit; not evidence of the anchor or document supplied at generation time.
12,Chikungunya,Stage 1,R1D06,G08_Chikungunya.pdf,Narrow/defined,"WHO guidelines for clinical management of arboviral diseases: dengue, chikungunya, Zika and yellow fever",4 July 2025,WHO guideline,https://www.who.int/publications/i/item/9789240111110,4 July 2025,29 April 2026,Adequate,Shared four-disease clinical-management guideline.,80.145139,no,yes,Official WHO publication URL and tracking sheet.,10 July 2026,"WHO guidelines for clinical management of arboviral diseases: dengue, chikungunya, Zika and yellow fever",4 July 2025,4,Chikungunya,,Retrospective post hoc anchor audit; not evidence of the anchor or document supplied at generation time.
13,Dengue,Stage 1,R1D08,G10_Dengue.pdf,Narrow/defined,"WHO guidelines for clinical management of arboviral diseases: dengue, chikungunya, Zika and yellow fever",4 July 2025,WHO guideline,https://www.who.int/publications/i/item/9789240111110,4 July 2025,29 April 2026,Adequate,Shared four-disease clinical-management guideline.,82.366319,no,yes,Official WHO publication URL and tracking sheet.,10 July 2026,"WHO guidelines for clinical management of arboviral diseases: dengue, chikungunya, Zika and yellow fever",4 July 2025,6,Dengue,,Retrospective post hoc anchor audit; not evidence of the anchor or document supplied at generation time.
14,Yellow Fever,Stage 1,R1D45,G55_Yello Fever.pdf,Narrow/defined,"WHO guidelines for clinical management of arboviral diseases: dengue, chikungunya, Zika and yellow fever",4 July 2025,WHO guideline,https://www.who.int/publications/i/item/9789240111110,4 July 2025,29 April 2026,Adequate,Shared four-disease clinical-management guideline.,80.14,no,yes,Official WHO publication URL and tracking sheet.,10 July 2026,"WHO guidelines for clinical management of arboviral diseases: dengue, chikungunya, Zika and yellow fever",4 July 2025,1,Yello Fever,Joined to locked dataset label 'Yello Fever' (filename spelling normalized).,Retrospective post hoc anchor audit; not evidence of the anchor or document supplied at generation time.
15,Zika,Stage 1,R1D46,G56_Zika.pdf,Narrow/defined,"WHO guidelines for clinical management of arboviral diseases: dengue, chikungunya, Zika and yellow fever",4 July 2025,WHO guideline,https://www.who.int/publications/i/item/9789240111110,4 July 2025,29 April 2026,Adequate,Shared four-disease clinical-management guideline.,79.385417,no,yes,Official WHO publication URL and tracking sheet.,10 July 2026,"WHO guidelines for clinical management of arboviral diseases: dengue, chikungunya, Zika and yellow fever",4 July 2025,5,Zika,,Retrospective post hoc anchor audit; not evidence of the anchor or document supplied at generation time.
16,Echinococcosis,Stage 1,R1D13,G15_Echinococcosis.pdf,Narrow/defined,WHO guidelines for the treatment of patients with cystic echinococcosis,16 June 2025,WHO guideline,https://www.who.int/publications/i/item/9789240110472,16 June 2025,29 April 2026,Adequate,Cystic echinococcosis treatment anchor.,80.172222,no,yes,Official WHO publication URL and tracking sheet.,10 July 2026,WHO guidelines for the treatment of patients with cystic echinococcosis,16 June 2025,1,Echinococcosis,,Retrospective post hoc anchor audit; not evidence of the anchor or document supplied at generation time.
17,Mpox,Stage 1,R1D27,G35_Mpox.pdf,Narrow/defined,"Clinical management and infection prevention and control for mpox: living guideline, May 2025",2 June 2025,WHO living guideline,https://www.who.int/publications/i/item/B09434,2 June 2025,29 April 2026,Adequate,Clinical management and IPC living guideline.,82.642014,no,yes,Official WHO publication URL and tracking sheet.,10 July 2026,"Clinical management and infection prevention and control for mpox: living guideline, May 2025",2 June 2025,1,Mpox,,Retrospective post hoc anchor audit; not evidence of the anchor or document supplied at generation time.
18,Tungiasis,Stage 1,R1D44,G54_Tungiasis.pdf,Narrow/defined,Guidelines for the treatment of tungiasis,20 May 2025,WHO/PAHO guideline,https://www.who.int/publications/i/item/9789275130018,20 May 2025,29 April 2026,Adequate,Treatment guideline; original tracking sheet marked the local file as missing.,65.259028,yes,no,Official WHO-hosted publication page; verified 10 July 2026.,10 July 2026,Guidelines for the treatment of tungiasis（丢失）,20 May 2025,1,Tungiasis,,Retrospective post hoc anchor audit; not evidence of the anchor or document supplied at generation time.
19,Dracunculiasis,Stage 1,R1D11,G13_Dracunculiasis.pdf,Narrow/defined,Operational guidance and technical materials for dracunculiasis eradication,1 March 2025,WHO technical/operational guidance,https://www.who.int/activities/eradicating-dracunculiasis,1 March 2025,29 April 2026,Indirect,No disease-wide clinical guideline was identified; eradication and water-safety materials are the closest WHO anchors.,70.376042,no,yes,WHO programme page plus archived evaluated output.,10 July 2026,Dracunculus: background document for the WHO guidelines for drinking-water quality,1 March 2025,3,Dracunculiasis,,Retrospective post hoc anchor audit; not evidence of the anchor or document supplied at generation time.
20,Fascioliasis,Stage 1,R1D14,G16_Fascioliasis.pdf,Narrow/defined,Fasciola: background document for the WHO guidelines for drinking-water quality and the WHO guidelines on sanitation and health,1 March 2025,WHO background/technical document,https://www.who.int/publications/i/item/B09245,1 March 2025,29 April 2026,Indirect,"Water and sanitation background document, not a comprehensive clinical guideline.",60.773264,yes,no,Official WHO item identifier in tracking sheet and evaluated output.,10 July 2026,Fasciola: background document for the WHO guidelines for drinking-water quality and the WHO guidelines on sanitation and health,1 March 2025,2,Fascioliasis,,Retrospective post hoc anchor audit; not evidence of the anchor or document supplied at generation time.
21,Pneumonia,Stage 1,R1D31,G39_Pneumonia.pdf,Narrow/defined,Guideline on management of pneumonia and diarrhoea in children up to 10 years of age,31 December 2024,WHO guideline,https://iris.who.int/server/api/core/bitstreams/bddcc725-8ffd-4d38-bec4-d6ead2904911/content,31 December 2024,29 April 2026,Partial,Pediatric guideline; adult pneumonia is outside its scope.,79.025694,no,yes,Corrected evaluated output and official WHO/IRIS document.,10 July 2026,Guideline on management of pneumonia and diarrhoea in children up to 10 years of age,31 December 2024,1,Pneumonia,,Retrospective post hoc anchor audit; not evidence of the anchor or document supplied at generation time.
22,Cardiovascular Disease,Stage 1,R1D05,G07_Cardiovascular Disease.pdf,Broad,WHO guideline on the prevention and diagnosis of rheumatic fever and rheumatic heart disease,29 October 2024,WHO guideline,https://www.who.int/publications/i/item/9789240100077,29 October 2024,29 April 2026,Partial,Rheumatic fever/RHD-specific anchor; does not cover the full cardiovascular-disease spectrum.,57.675347,yes,no,Official WHO publication URL and tracking sheet.,10 July 2026,WHO guideline on the prevention and diagnosis of rheumatic fever and rheumatic heart disease,29 October 2024,2,Cardiovascular Disease,,Retrospective post hoc anchor audit; not evidence of the anchor or document supplied at generation time.
23,Influenza,Stage 1,R1D18,G22_Influenza.pdf,Narrow/defined,Clinical practice guidelines for influenza,12 September 2024,WHO guideline,https://www.who.int/publications/i/item/9789240097759,12 September 2024,29 April 2026,Adequate,Clinical-practice anchor for influenza.,82.163194,no,yes,Official WHO publication URL and tracking sheet.,10 July 2026,Clinical practice guidelines for influenza,12 September 2024,2,Influenza,,Retrospective post hoc anchor audit; not evidence of the anchor or document supplied at generation time.
24,Strongyloidiasis,Stage 1,R1D40,G48_Strongyloidiasis.pdf,Narrow/defined,WHO guideline on preventive chemotherapy for public health control of strongyloidiasis,24 July 2024,WHO guideline,https://www.who.int/publications/i/item/9789240094024,24 July 2024,29 April 2026,Partial,Preventive-chemotherapy/public-health-control anchor rather than full individual clinical management.,74.796875,no,yes,Official WHO publication URL and tracking sheet.,10 July 2026,WHO guideline on preventive chemotherapy for public health control of strongyloidiasis,24 July 2024,1,Strongyloidiasis,,Retrospective post hoc anchor audit; not evidence of the anchor or document supplied at generation time.
25,Trypanosomiasis,Stage 1,R1D43,G52_Trypanosomiasis.pdf,Narrow/defined,Guidelines for the treatment of human African trypanosomiasis,28 June 2024,WHO guideline,https://www.who.int/publications/i/item/9789240096035,28 June 2024,29 April 2026,Adequate,Human African trypanosomiasis treatment guideline.,76.246181,no,yes,Official WHO publication URL and tracking sheet.,10 July 2026,Guidelines for the treatment of human African trypanosomiasis,28 June 2024,2,Trypanosomiasis,,Retrospective post hoc anchor audit; not evidence of the anchor or document supplied at generation time.
26,Cancer,Stage 1,R1D04,G06_Cancer.pdf,Broad,"WHO guideline for screening and treatment of cervical pre-cancer lesions for cervical cancer prevention, 2nd ed",5 June 2024,WHO guideline,https://www.who.int/publications/i/item/9789240030824,5 June 2024,29 April 2026,Partial,Cervical-cancer prevention anchor; cannot represent all cancers.,58.831597,yes,no,Official WHO publication URL and tracking sheet; broad-label limitation retained.,10 July 2026,WHO guideline for screening and treatment of cervical pre-cancer lesions for cervical cancer prevention,5 June 2024,7,Cancer,,Retrospective post hoc anchor audit; not evidence of the anchor or document supplied at generation time.
27,Hepatitis,Stage 1,R1D16,G19_Hepatitis.pdf,Broad,"Consolidated guidance on hepatitis B and C prevention, testing, treatment, service delivery and monitoring",15 February 2026,WHO guideline/implementation handbook,https://www.who.int/publications/i/item/9789240119529,15 February 2026,29 April 2026,Partial,Covers hepatitis B and C and selected hepatitis D testing; broad 'hepatitis' includes additional etiologies.,75.926042,no,yes,Official WHO publication page; verified 10 July 2026.,10 July 2026,Consolidated guidelines on person-centred viral hepatitis strategic information: using data to support,9 April 2024,15,Hepatitis,,Retrospective post hoc anchor audit; not evidence of the anchor or document supplied at generation time.
28,Anaemia,Stage 1,R1D01,G02_Anaemia.pdf,Narrow/defined,Guideline on haemoglobin cutoffs to define anaemia in individuals and populations,5 March 2024,WHO guideline,https://www.who.int/publications/i/item/9789240088542,5 March 2024,29 April 2026,Partial,Diagnostic-threshold anchor; treatment and etiology-specific management need additional sources.,72.473958,no,yes,Official WHO publication URL and tracking sheet.,10 July 2026,Guideline on haemoglobin cutoffs to define anaemia in individuals and populations,5 March 2024,1,Anaemia,,Retrospective post hoc anchor audit; not evidence of the anchor or document supplied at generation time.
29,Diphtheria,Stage 1,R1D10,G12_Diphtheria.pdf,Narrow/defined,Clinical management of diphtheria: guideline,2 February 2024,WHO guideline,https://www.who.int/publications/i/item/WHO-DIPH-Clinical-2024.1,2 February 2024,29 April 2026,Adequate,Disease-specific clinical-management guideline.,81.814931,no,yes,Official WHO publication URL and tracking sheet.,10 July 2026,Clinical management of diphtheria: guideline,2 February 2024,1,Diphtheria,,Retrospective post hoc anchor audit; not evidence of the anchor or document supplied at generation time.
30,Malnutrition,Stage 1,R1D24,G29_Malnutrition.pdf,Broad,WHO guideline on the prevention and management of wasting and nutritional oedema (acute malnutrition),29 December 2023,WHO guideline,https://www.who.int/publications/i/item/9789240082830,29 December 2023,29 April 2026,Partial,Acute malnutrition/wasting anchor; broad malnutrition includes micronutrient and chronic forms.,76.731597,no,yes,Official WHO publication URL and tracking sheet.,10 July 2026,WHO guideline on the prevention and management of wasting and nutritional oedema (acute malnutrition),29 December 2023,2,Malnutrition,,Retrospective post hoc anchor audit; not evidence of the anchor or document supplied at generation time.
31,Low Back Pain,Stage 1,R1D23,G27_Low Back Pain.pdf,Narrow/defined,WHO guideline for non-surgical management of chronic primary low back pain in adults in primary and community care settings,7 December 2023,WHO guideline,https://www.who.int/publications/i/item/9789240081789,7 December 2023,29 April 2026,Adequate,Specific to chronic primary low back pain in adults.,83.432292,no,yes,Official WHO publication URL and tracking sheet.,10 July 2026,WHO guideline for non-surgical management of chronic primary low back pain in adults in primary and community,7 December 2023,1,Low Back Pain,,Retrospective post hoc anchor audit; not evidence of the anchor or document supplied at generation time.
32,Ebola,Stage 1,R1D12,G14_Ebola.pdf,Broad,Infection prevention and control guideline for Ebola and Marburg disease,11 August 2023,WHO guideline,https://www.who.int/publications/i/item/9789240081168,11 August 2023,29 April 2026,Partial,"IPC-focused anchor; diagnosis, therapeutics and outbreak response require other WHO sources.",80.290278,no,yes,Official WHO publication URL and tracking sheet.,10 July 2026,"Infection prevention and control guideline for Ebola and Marburg disease, August 2023",11 August 2023,5,Ebola,,Retrospective post hoc anchor audit; not evidence of the anchor or document supplied at generation time.
33,Marburg,Stage 1,R1D25,G30_Marbug.pdf,Broad,Infection prevention and control guideline for Ebola and Marburg disease,11 August 2023,WHO guideline,https://www.who.int/publications/i/item/9789240081168,11 August 2023,29 April 2026,Partial,"IPC-focused anchor; diagnosis, therapeutics and outbreak response require other WHO sources.",70.40,no,yes,Official WHO publication URL and tracking sheet.,10 July 2026,"Infection prevention and control guideline for Ebola and Marburg disease, August 2023",11 August 2023,2,Marbug,Joined to locked dataset label 'Marbug' (filename spelling normalized).,Retrospective post hoc anchor audit; not evidence of the anchor or document supplied at generation time.
34,Obesity,Stage 1,R1D29,G37_Obesity.pdf,Broad,Total fat intake for the prevention of unhealthy weight gain in adults and children: WHO guideline,17 July 2023,WHO guideline,https://www.who.int/publications/i/item/9789240073630,17 July 2023,29 April 2026,Partial,Dietary prevention anchor; not a comprehensive obesity diagnosis/treatment guideline.,74.943403,no,yes,Official WHO publication URL and tracking sheet.,10 July 2026,Total fat intake for the prevention of unhealthy weight gain in adults and children: WHO guideline,17 July 2023,2,Obesity,,Retrospective post hoc anchor audit; not evidence of the anchor or document supplied at generation time.
35,Leishmaniasis,Stage 1,R1D20,G24_Leishmaniasis.pdf,Narrow/defined,"Guideline for the treatment of leishmaniasis in the Americas, 2nd ed",27 June 2022,WHO/PAHO guideline,https://www.who.int/publications/i/item/9789275125038,27 June 2022,29 April 2026,Partial,Regional treatment guideline; geographic generalizability is limited.,74.194097,no,yes,Official WHO-hosted publication URL and tracking sheet.,10 July 2026,Guideline for the treatment of Leishmaniasis in the Americas. Second edition（丢失）,27 June 2022,2,Leishmaniasis,,Retrospective post hoc anchor audit; not evidence of the anchor or document supplied at generation time.
36,Rubella,Stage 1,R1D34,G42_Rubella.pdf,Broad,WHO position paper and regional surveillance guidance for rubella and congenital rubella syndrome,16 June 2022,WHO policy/surveillance guidance,https://www.who.int/teams/immunization-vaccines-and-biologicals/policies/position-papers/rubella,16 June 2022,29 April 2026,Partial,Immunization and surveillance anchor rather than full clinical management.,70.427431,no,yes,Official WHO position-paper page and tracking sheet.,10 July 2026,Guidelines for the surveillance of congenital rubella syndrome in the Western Pacific Region,16 June 2022,4,Rubella,,Retrospective post hoc anchor audit; not evidence of the anchor or document supplied at generation time.
37,Hypertension,Stage 1,R1D17,G20_Hypertension.pdf,Narrow/defined,Guideline for the pharmacological treatment of hypertension in adults,14 June 2022,WHO guideline,https://www.who.int/publications/i/item/9789240033986,14 June 2022,29 April 2026,Partial,Adult pharmacological treatment anchor; diagnosis and non-pharmacological management are not comprehensive.,82.078125,no,yes,Official WHO publication URL and tracking sheet.,10 July 2026,Guideline for the pharmacological treatment of hypertension in adults: summary,14 June 2022,4,Hypertension,,Retrospective post hoc anchor audit; not evidence of the anchor or document supplied at generation time.
38,Schistosomiasis,Stage 1,R1D36,G44_Schistosomiasis.pdf,Broad,WHO guideline on control and elimination of human schistosomiasis,14 February 2022,WHO guideline,https://www.who.int/publications/i/item/9789240041608,14 February 2022,29 April 2026,Partial,Control/elimination anchor with clinical implications.,79.904861,no,yes,Official WHO publication URL and tracking sheet.,10 July 2026,WHO guideline on control and elimination of human schistosomiasis,14 February 2022,2,Schistosomiasis,,Retrospective post hoc anchor audit; not evidence of the anchor or document supplied at generation time.
39,Taeniasis/Cysticercosis,Stage 1,R1D41,G50_Taeniosis_Cysticercosis.pdf,Broad,WHO guidelines on management of Taenia solium neurocysticercosis,2 September 2021,WHO guideline,https://www.who.int/publications/i/item/9789240032231,2 September 2021,29 April 2026,Partial,Neurocysticercosis-focused; intestinal taeniasis is not comprehensively covered.,79.57,no,yes,Official WHO publication URL and tracking sheet.,10 July 2026,WHO guidelines on management of Taenia solium neurocysticercosis,2 September 2021,2,Taeniosis_Cysticercosis,Joined to locked dataset label 'Taeniosis_Cysticercosis' (filename spelling normalized).,Retrospective post hoc anchor audit; not evidence of the anchor or document supplied at generation time.
40,Poisoning,Stage 1,R1D32,G40_Poisoning.pdf,Broad,Guidelines for poison control,1 January 1997,WHO technical guideline,https://www.who.int/publications/i/item/9241544872,1 January 1997,29 April 2026,Indirect,Poison-centre and programme guidance; no single all-poisoning clinical guideline was identified.,62.387153,yes,no,Official WHO item identifier; closest general WHO anchor.,10 July 2026,Case study: implementation of national guideline on the establishment of poison information control,19 January 2021,3,Poisoning,,Retrospective post hoc anchor audit; not evidence of the anchor or document supplied at generation time.
41,Measles,Stage 1,R1D26,G32_Measle.pdf,Narrow/defined,"Guidelines on verification of measles elimination in the Western Pacific Region, 2nd ed",16 February 2020,WHO regional programme guidance,https://iris.who.int/handle/10665/331139,16 February 2020,29 April 2026,Indirect,"Elimination-verification guidance, not a clinical diagnosis/treatment guideline.",70.40,no,yes,WHO/IRIS regional guidance and tracking sheet.,10 July 2026,Guidelines on verification of measles elimination in the Western Pacific Region. 2nd ed.,16 February 2020,6,Measle,Joined to locked dataset label 'Measle' (filename spelling normalized).,Retrospective post hoc anchor audit; not evidence of the anchor or document supplied at generation time.
42,Leprosy,Stage 1,R1D21,G25_Leprosy.pdf,Narrow/defined,"Guidelines for the diagnosis, treatment and prevention of leprosy",6 October 2018,WHO guideline,https://www.who.int/publications/i/item/9789290226383,6 October 2018,29 April 2026,Adequate,"Disease-specific diagnosis, treatment and prevention guideline.",79.420833,no,yes,Official WHO publication URL and tracking sheet.,10 July 2026,"Guidelines for the diagnosis, treatment and prevention of leprosy",6 October 2018,5,Leprosy,,Retrospective post hoc anchor audit; not evidence of the anchor or document supplied at generation time.
43,Newborn/Neonatal Health,Stage 1,R1D28,G36_Newborn_Neonatal Health.pdf,Broad,WHO recommendations for care of the preterm or low-birth-weight infant,15 November 2022,WHO guideline,https://www.who.int/publications/i/item/9789240058262,15 November 2022,29 April 2026,Partial,Current high-relevance neonatal anchor; broad neonatal health requires multiple WHO guidelines.,70.58,no,yes,Official WHO publication URL; supersedes the narrower 2017 breastfeeding facility listing for this broad label.,10 July 2026,"Guideline: protecting, promoting and supporting breastfeeding in facilities providing maternity and newborn",2 November 2017,6,Newborn_Neonatal Health,Joined to locked dataset label 'Newborn_Neonatal Health' (filename spelling normalized).,Retrospective post hoc anchor audit; not evidence of the anchor or document supplied at generation time.
44,Filariasis,Stage 1,R1D15,G17_Filariasis.pdf,Narrow/defined,"Monitoring and epidemiological assessment of mass drug administration in the global programme to eliminate lymphatic filariasis, 2nd ed",8 July 2025,WHO programme manual,https://www.who.int/publications/i/item/9789240105959,8 July 2025,29 April 2026,Partial,Programme monitoring anchor; individual clinical management is not comprehensive.,70.564931,no,yes,Official WHO publication page; verified 10 July 2026.,10 July 2026,Guideline - Alternative mass drug administration regimens to eliminate lymphatic filariasis,1 November 2017,3,Filariasis,,Retrospective post hoc anchor audit; not evidence of the anchor or document supplied at generation time.
45,Child Health (IMCI),Stage 1,R1D07,G09_Child Health (IMCI).pdf,Broad,WHO recommendations on child health: guidelines approved by the WHO Guidelines Review Committee,2 May 2017,WHO consolidated recommendations,https://www.who.int/publications/i/item/WHO-MCA-17.08,2 May 2017,29 April 2026,Partial,Broad child-health compilation; IMCI-specific implementation also relies on chart booklets and updates.,72.835069,no,yes,Official WHO identifier and tracking sheet.,10 July 2026,WHO recommendations on child health: guidelines approved by the WHO Guidelines Review Committee,2 May 2017,4,Child Health (IMCI),,Retrospective post hoc anchor audit; not evidence of the anchor or document supplied at generation time.
46,Snake Bite,Stage 1,R1D39,G47_Snake Bite.pdf,Narrow/defined,"Guidelines for the management of snakebites, 2nd ed",16 August 2016,WHO regional guideline,https://www.who.int/publications/i/item/9789290225300,16 August 2016,29 April 2026,Partial,Regional guideline; globally relevant but developed for the South-East Asia Region.,70.092014,no,yes,Official WHO publication URL and tracking sheet.,10 July 2026,"Guidelines for the management of snakebites, 2nd edition",16 August 2016,4,Snake Bite,,Retrospective post hoc anchor audit; not evidence of the anchor or document supplied at generation time.
47,Onchocerciasis,Stage 1,R1D30,G38_Onchocerciasis.pdf,Narrow/defined,Guidelines for stopping mass drug administration and verifying elimination of human onchocerciasis,1 January 2016,WHO programme guideline,https://www.who.int/publications/i/item/9789241510011,1 January 2016,29 April 2026,Partial,Elimination programme anchor rather than full clinical management.,70.335069,no,yes,Official WHO publication URL and tracking sheet.,10 July 2026,Guidelines for stopping mass drug administration and verifying elimination of human onchocerciasis,1 January 2016,1,Onchocerciasis,,Retrospective post hoc anchor audit; not evidence of the anchor or document supplied at generation time.
48,Trachoma,Stage 1,R1D42,G51_Trachoma.pdf,Broad,WHO trachoma elimination and treatment programme guidance,1 January 2016,WHO programme guidance,https://www.who.int/health-topics/trachoma,1 January 2016,29 April 2026,Indirect,Programme and SAFE-strategy guidance; the tracking title was not a disease-wide clinical guideline.,68.988194,no,no,Official WHO topic/programme page and archived evaluated output.,10 July 2026,WHO guidelines for the treatment of Chlamydia trachomatis,1 January 2016,2,Trachoma,,Retrospective post hoc anchor audit; not evidence of the anchor or document supplied at generation time.
49,Injury,Stage 1,R1D19,G23_Injury.pdf,Broad,Developing policies to prevent injuries and violence: guidelines for policy-makers and planners,10 November 2006,WHO policy guideline,https://www.who.int/publications/i/item/9241593504,10 November 2006,29 April 2026,Indirect,Prevention-policy guidance; broad injury diagnosis and treatment are not covered.,54.247569,yes,no,Official WHO publication URL and tracking sheet.,10 July 2026,Developing policies to prevent injuries and violence: guidelines for policy-makers and planners,10 November 2006,4,Injury,,Retrospective post hoc anchor audit; not evidence of the anchor or document supplied at generation time.
50,Shigellosis,Stage 1,R1D38,G46_Shigellosis.pdf,Narrow/defined,"Guidelines for the control of shigellosis, including epidemics due to Shigella dysenteriae type 1",1 January 2005,WHO guideline,https://www.who.int/publications/i/item/9241592330,1 January 2005,29 April 2026,Adequate,Disease-control guideline; age should be acknowledged.,75.478125,no,yes,Official WHO publication URL and tracking sheet.,10 July 2026,"Guidelines for the control of shigellosis, including epidemics due to Shigella dysenteriae type 1",1 January 2005,1,Shigellosis,,Retrospective post hoc anchor audit; not evidence of the anchor or document supplied at generation time.
51,SARS,Stage 1,R1D35,G43_SARS.pdf,Narrow/defined,WHO guidelines for the global surveillance of severe acute respiratory syndrome (SARS): updated recommendations,15 October 2004,WHO surveillance guideline,https://www.who.int/publications/i/item/WHO-CDS-CSR-ARO-2004.1,15 October 2004,29 April 2026,Partial,Surveillance-focused; clinical management is not comprehensive.,59.256944,no,no,Official WHO publication identifier and tracking sheet.,10 July 2026,WHO guidelines for the global surveillance of severe acute respiratory syndrome (SARS): updated recommendations,15 October 2004,1,SARS,,Retrospective post hoc anchor audit; not evidence of the anchor or document supplied at generation time.
52,Loa Loa,Stage 1,R1D22,G26_Loa Loa.pdf,Narrow/defined,Guidelines for rapid assessment of Loa loa,3 March 2002,WHO rapid-assessment guideline,https://iris.who.int/server/api/core/bitstreams/6fe2e7b9-b6d5-4392-823b-11706aa24ed1/content,3 March 2002,29 April 2026,Partial,Rapid-assessment/programme anchor rather than individual clinical management.,60.106597,no,no,Official WHO/IRIS source in archived evaluated output.,10 July 2026,Guidelines for rapid assessment of loa loa,3 March 2002,1,Loa Loa,,Retrospective post hoc anchor audit; not evidence of the anchor or document supplied at generation time.
53,Polio,Stage 1,R1D33,G41_Polio.pdf,Broad,Guidelines for implementation of laboratory containment of wild poliovirus,30 April 2000,WHO laboratory/containment guideline,https://polioeradication.org/tools-and-library/policy-reports/,30 April 2000,29 April 2026,Indirect,Containment guidance; clinical diagnosis/treatment is outside scope.,72.088542,no,yes,WHO/GPEI policy library and tracking sheet.,10 July 2026,Guidelines for implementation of laboratory containment of wild poliovirus,30 April 2000,1,Polio,,Retrospective post hoc anchor audit; not evidence of the anchor or document supplied at generation time.
54,Anthrax,Stage 1,R1D02,G03_Anthrax.pdf,Narrow/defined,"Anthrax in humans and animals, 4th ed",1 January 2008,WHO technical guideline,https://www.who.int/publications/i/item/9789241547536,1 January 2008,29 April 2026,Adequate,More current technical anchor than the 1998 surveillance document in the tracking sheet.,76.810069,no,yes,Official WHO publication URL.,10 July 2026,Guidelines for the Surveillance and Control of Anthrax in Humans and Animals,1 January 1998,1,Anthrax,,Retrospective post hoc anchor audit; not evidence of the anchor or document supplied at generation time.
55,Burns,Stage 1,R1D03,G04_Burns.pdf,Broad,Standards and recommendations for burns care in mass casualty incidents,25 November 2024,WHO guideline/standards,https://www.who.int/publications/i/item/9789240100237,25 November 2024,29 April 2026,Partial,Corrects the unrelated staff-burnout title in the tracking sheet; mass-casualty scope is narrower than all burn care.,62.383681,yes,no,Official WHO publication page; verified 10 July 2026.,10 July 2026,"Guidelines for the primary prevention of mental, neurological and psychosocial disorders. 5. Staff burnout",10 February 1994,1,Burns,,Retrospective post hoc anchor audit; not evidence of the anchor or document supplied at generation time.
56,Diabetes,Stage 1,R1D09,G11_Diabetes.pdf,Broad,WHO recommendations on care for women with diabetes during pregnancy,14 November 2025,WHO guideline,https://www.who.int/publications/i/item/9789240117044,14 November 2025,29 April 2026,Partial,Corrects the obsolete 1991 programme anchor; pregnancy-specific and not a full diabetes guideline.,64.05,yes,no,Official WHO publication page; verified 10 July 2026.,10 July 2026,Guidelines for the development of a national programme for diabetes mellitus,15 August 1991,1,Diabetes,,Retrospective post hoc anchor audit; not evidence of the anchor or document supplied at generation time.
